{"cameraMode":{"drawMode":0,"name":"Shaded","section":"Shading Mode"},"sceneLighting":true,"audioPlay":false,"sceneViewState":{"showFog":false,"showMaterialUpdate":false,"showSkybox":true,"showFlares":false,"showImageEffects":true,"showParticleSystems":true},"in2DMode":false,"pivot":{"x":30.299999237060548,"y":3.3299999237060549,"z":1.0},"rotation":{"x":0.007456241175532341,"y":0.10778714716434479,"z":-0.0008084201836027205,"w":0.9941456913948059},"size":4.657884120941162,"orthographic":false}